Root URL,File Name,Hashcode,Trigger Sequence,Label
https://www.google.com/,"https://apis.google.com/_/scs/abc-static/_/js/k=gapi.gapi.en.x7CxCIZpks8.O/m=gapi_iframes,googleapis_client/rt=j/sv=1/d=1/ed=1/am=AAAg/rs=AHpOoo8czmnaLIncRgBQP7N2THncpDJ9mQ/cb=gapi.loaded_0",b3b7340ee6c9240ee8fcfeda03c6ef4ce7db0dd0dc213b19c8d4c87addc15105,[get] https://www.google.com/,0
https://www.google.com/,"/xjs/_/js/k=xjs.hd.ko.rZOAtMTM-Po.es5.O/am=AAAAAAAAAAAAAAAAAAAAAAAAAAAAAAAAAAAAAIAAAAAAAAAAABQAAACAAAAAAEAAAAAAAAAAQBBAEAQAAAEAAAAsAAAQDACAAAAAAgAAIACAR5kCgAARAAAAACAAgACAAAAAAQAAgAAAAAAAAIACAAAAAAABAAAAAAAAAAABAgAAAAAAAAAAAAQAAKAHAAAAAAAAAAQEAABDwAAEAAAAAAAA9AFA8AAMKSwAAAAAAAAAAAAAAAAESBDMhQQUBCAAAAAAAAAAAAAAAAAAgEgTFzY/d=1/ed=1/dg=3/br=1/rs=ACT90oGuofCgSVmVAbFhyzibr-CRSPR_Ow/ee=ALeJib:B8gLwd;AfeaP:TkrAjf;BMxAGc:E5bFse;BgS6mb:fidj5d;BjwMce:cXX2Wb;CxXAWb:YyRLvc;DULqB:RKfG5c;Dkk6ge:JZmW9e;DpcR3d:zL72xf;EABSZ:MXZt9d;ESrPQc:mNTJvc;EVNhjf:pw70Gc;EmZ2Bf:zr1jrb;EnlcNd:WeHg4;F9mqte:UoRcbe;Fmv9Nc:O1Tzwc;G0KhTb:LIaoZ;G6wU6e:hezEbd;GleZL:J1A7Od;HMDDWe:G8QUdb;HoYVKb:PkDN7e;HqeXPd:cmbnH;IBADCc:RYquRb;IoGlCf:b5lhvb;IsdWVc:qzxzOb;JXJSm:ii1RGf;JXS8fb:Qj0suc;JbMT3:M25sS;JsbNhc:Xd8iUd;K5nYTd:ZDZcre;KOxcK:OZqGte;KQzWid:ZMKkN;KcokUb:KiuZBf;KpRAue:Tia57b;LBgRLc:SdcwHb,XVMNvd;LEikZe:byfTOb,lsjVmc;LXA8b:q7OdKd;LsNahb:ucGLNb;Me32dd:MEeYgc;NPKaK:SdcwHb;NSEoX:lazG7b;Np8Qkd:Dpx6qc;Nyt6ic:jn2sGd;OgagBe:cNTe0;OohIYe:mpEAQb;Pjplud:EEDORb,PoEs9b;Q1Ow7b:x5CSu;Q6C5kf:pfdZCe;QGR0gd:Mlhmy;R2kc8b:ALJqWb;R4IIIb:QWfeKf;R9Ulx:CR7Ufe;RCF5Sd:X1kBmd;RDNBlf:zPRCJb;SLtqO:Kh1xYe;SMDL4c:fTfGO,fTfGO;SNUn3:ZwDk9d,x8cHvb;ScI3Yc:e7Hzgb,e7Hzgb;ShpF6e:N0pvGc;SzQQ3e:dNhofb;TxfV6d:YORN0b;U96pRd:FsR04;UBKJZ:LGDJGb;UDrY1c:eps46d;UVmjEd:EesRsb;UVzb9c:IvPZ6d;UyG7Kb:wQd0G;V2HTTe:RolTY;VGRfx:VFqbr;VN6jIc:ddQyuf;VOcgDe:YquhTb;VsAqSb:PGf2Re;VxQ32b:k0XsBb;WCEKNd:I46Hvd;WDGyFe:jcVOxd;Wfmdue:g3MJlb;XUezZ:sa7lqb;YIZmRd:A1yn5d;YV5bee:IvPZ6d;YkQtAf:rx8ur;ZSH6tc:QAvyLe;ZWEUA:afR4Cf;ZlOOMb:P0I0Ec;a56pNe:JEfCwb;aAJE9c:WHW6Ef;aCJ9tf:qKftvc;aZ61od:arTwJ;af0EJf:ghinId;bDXwRe:UsyOtc;bcPXSc:gSZLJb;cEt90b:ws9Tlc;cFTWae:gT8qnd;coJ8e:KvoW8;dIoSBb:ZgGg9b;dLlj2:Qqt3Gf;dowIGb:ebZ3mb,ebZ3mb;dtl0hd:lLQWFe;eBAeSb:Ck63tb;eBZ5Nd:audvde;eHDfl:ofjVkb;eO3lse:nFClrf;euOXY:OZjbQ;g8nkx:U4MzKc;gaub4:TN6bMe;gtVSi:ekUOYd;h3MYod:cEt90b;hK67qb:QWEO5b;heHB1:sFczq;hjRo6e:F62sG;hsLsYc:Vl118;iFQyKf:QIhFr,vfuNJf;imqimf:jKGL2e;jY0zg:Q6tNgc;k2Qxcb:XY51pe;kCQyJ:ueyPK;kMFpHd:OTA3Ae;kbAm9d:MkHyGd;lOO0Vd:OTA3Ae;lbfkyf:MqGdUd;nAFL3:NTMZac,s39S4;nJw4Gd:dPFZH;oGtAuc:sOXFj;oSUNyd:fTfGO,fTfGO;oUlnpc:RagDlc;oVHXxc:HODIOb;okUaUd:wItadb;pKJiXd:VCenhc;pNsl2d:j9Yuyc;pXdRYb:JKoKVe;pj82le:ww04Df;qZx2Fc:j0xrE;qaS3gd:yiLg6e;qafBPd:sgY6Zb;qavrXe:zQzcXe;qddgKe:d7YSfd,x4FYXe;rQSrae:C6D5Fc;ropkZ:UT1DG;sTsDMc:kHVSUb;sZmdvc:rdGEfc;tH4IIe:Ymry6;tosKvd:ZCqP3;trZL0b:qY8PFe;uuQkY:u2V3ud;vEYCNb:FaqsVd;vGrMZ:lPJJ0c;vfVwPd:lcrkwe;w3bZCb:ZPGaIb;w4rSdf:XKiZ9;w9w86d:dt4g2b;wQlYve:aLUfP;wR5FRb:O1Gjze,TtcOte;wV5Pjc:L8KGxe;xBbsrc:NEW1Qc;ysNiMc:CpIBjd;yxTchf:KUM7Z;z97YGf:oug9te;zOsCQe:Ko78Df;zaIgPb:Qtpxbd/m=cdos,hsm,jsa,mb4ZUb,cEt90b,SNUn3,qddgKe,sTsDMc,dtl0hd,eHDfl,YV5bee,d,csi",2abd9746a221715aaeaa55af93e1ed9790a86050c6522523a1f2b8988a409e69,[get] https://www.google.com/,0
https://www.google.com/,"https://www.gstatic.com/og/_/js/k=og.qtm.en_US.Z8FBMQoacoc.2019.O/rt=j/m=qabr,q_d,qcwid,qapid,qald,qads,q_dg/exm=qaaw,qadd,qaid,qein,qhaw,qhba,qhbr,qhch,qhga,qhid,qhin/d=1/ed=1/rs=AA2YrTt16WS-AyvNEln9-TaO-tZR_15utQ",b8df4b2e31fdc874f165aac59d93b19421aa0b1b0bc5ad15aa7a4eddaee1c5c8,[get] https://www.google.com/,0
https://www.google.com/,"/xjs/_/js/k=xjs.hd.ko.rZOAtMTM-Po.es5.O/ck=xjs.hd.FIUTNhSS6Rk.L.B1.O/am=CKkCAAAAAAAQAAAAAAAAAAAAAAAAAAAAAAAAAIAAAAAAAAAAEDQgAACYAGAXIEAAAAAAAAwAQBBAEAQACAEEEAAsAAAQDgCgDACAAgAEIBSAR5kCowARQEAGACUAiR2AAFAQAYAAgABAABk0BKICEAUAAAABAAAAAAEAAABBAggEAOgACAADQCQAEKIHAQAAAAAEAQSECQBDwAAEAAAAAAAA9AFA8AAMKSwAAAAAAAAAAAAAAAAESBDMhQQUBCAAAAAAAAAAAAAAAAAAgEgTFzY/d=0/dg=0/br=1/ujg=1/rs=ACT90oEEfyu7Q_WjdzGSzYBR8BhSSBEyhQ/m=sb_wiz,aa,abd,sy17h,syfu,syfl,syfj,syfk,syfm,syfv,syfw,syfq,syfr,syfp,syfo,syel,syfn,syfd,syfc,syfe,syfb,syfg,sy16c,syg6,sy17f,syyh,syg5,syg4,syg3,async,pHXghd,sf,syic,sy3jj,sonic,sy3jp,syhi,sygy,sy3j2,sy3j5,sy265,sydz,sy9w,sy9h,sy9g,spch,syte,sytd,rtH1bd,sy19c,sy15f,sy14w,sy125,syd8,sy19b,SMquOb,sy89,sy88,syez,syf8,syf6,syf5,syey,syew,syeu,sy83,sy80,sy82,syet,syex,syes,sybf,syba,sybd,syal,syar,syak,syaj,syai,sya6,sybb,syaz,syb0,syb6,syap,syb5,syay,syav,syag,syan,syb1,sya8,syaa,syab,sya7,syaq,syaf,syac,sybi,sya2,sy9z,sybh,sy9r,sy9j,sy9m,sy9y,sya5,syb2,syer,syeq,syen,syem,sy86,uxMpU,syei,sybp,sybn,sybj,syat,sybl,sybg,sy8p,sy8o,sy8n,Mlhmy,QGR0gd,aurFic,sy8y,fKUV3e,OTA3Ae,sy8a,OmgaI,EEDORb,PoEs9b,Pjplud,sy8j,A1yn5d,YIZmRd,uY49fb,sy7y,sy7w,sy7u,sy7v,sy7t,sy7s,byfTOb,lsjVmc,LEikZe,kWgXee,ovKuLd,sgY6Zb,qafBPd,ebZ3mb,dowIGb,sy19f,sy19d,syxe,sytj,d5EhJe,sy19w,fCxEDd,syup,sy19v,sy19u,sy19t,sy19m,sy19j,sy19k,sy174,sy16y,syx2,syx1,T1HOxc,sy19l,sy19i,zx30Y,sy19y,sy19x,sy19q,sy15r,Wo3n8,sysv,loL8vb,sysz,sysy,sysx,ms4mZb,syrx,B2qlPe,syua,NzU6V,syyt,sygi,zGLm3b,syvu,syvv,syvl,DhPYme,syxz,syxu?xjs=s3",7ca21b762f2222405d72e25f237041888dacd011e6bf53163e95ccdd6947c59c,[get] https://www.google.com/,0
https://www.google.com/,"/xjs/_/js/k=xjs.hd.ko.rZOAtMTM-Po.es5.O/ck=xjs.hd.FIUTNhSS6Rk.L.B1.O/am=CKkCAAAAAAAQAAAAAAAAAAAAAAAAAAAAAAAAAIAAAAAAAAAAEDQgAACYAGAXIEAAAAAAAAwAQBBAEAQACAEEEAAsAAAQDgCgDACAAgAEIBSAR5kCowARQEAGACUAiR2AAFAQAYAAgABAABk0BKICEAUAAAABAAAAAAEAAABBAggEAOgACAADQCQAEKIHAQAAAAAEAQSECQBDwAAEAAAAAAAA9AFA8AAMKSwAAAAAAAAAAAAAAAAESBDMhQQUBCAAAAAAAAAAAAAAAAAAgEgTFzY/d=0/dg=0/br=1/ujg=1/rs=ACT90oEEfyu7Q_WjdzGSzYBR8BhSSBEyhQ/m=syxx,syxw,sywe,sywf,syxv,syxs,syxt,KHourd,MpJwZc,UUJqVe,sy7d,sOXFj,sy7c,s39S4,oGtAuc,NTMZac,nAFL3,sy7q,sy7p,q0xTif,y05UD,sy12f,sy18v,sy18p,syx0,sy18i,sywz,sywy,sywx,sy18o,sy13p,sy18f,sy13t,sy18n,sy12b,sy18j,sygz,sy13u,sy18q,sy122,sy18m,sy18k,sy18l,sy18s,sy18a,sy18g,sy189,sy18e,sy18b,sy186,sy14p,sy13w,sy13x,syx5,syx6,epYOx?xjs=s3",c0d1ad1377597df0e3c2aa37db52ae82b57fa9e34ca3d5297e5ea47328c9e11d,[get] https://www.google.com/,0
https://www.google.com/,"/xjs/_/js/k=xjs.hd.ko.rZOAtMTM-Po.es5.O/am=AAAAAAAAAAAAAAAAAAAAAAAAAAAAAAAAAAAAAIAAAAAAAAAAABQAAACAAAAAAEAAAAAAAAAAQBAAEAQAAAEAAAAsAAAQDACAAAAAAgAAIACAR5kCgAARAAAAACAAgACAAAAAAQAAgAAAAAAAAIACAAAAAAABAAAAAAAAAAABAgAAAAAAAAAAAAQAAKAHAAAAAAAAAAQEAABDwAAEAAAAAAAA9AFA8AAMKSwAAAAAAAAAAAAAAAAESBDMhQQEBCAAAAAAAAAAAAAAAAAAgEgTFzY/d=0/dg=0/br=1/rs=ACT90oEdIdB2poy4EIxkeh-6AXct2AlXXg/m=sy1ay,P10Owf,sy19r,sy19p,sysf,gSZvdb,syyb,syya,WlNQGd,sysj,sysh,sysg,syse,DPreE,syyo,syym,nabPbb,syy5,syy3,sylt,sypt,CnSW2d,kQvlef,syyn,fXO0xe?xjs=s4",61c1c92a25e54e971dd16c4920eb1c656ed7834ea9f99f318d95105571b0324b,[get] https://www.google.com/,0
https://www.google.com/,/xjs/_/js/k=xjs.hd.ko.rZOAtMTM-Po.es5.O/am=AAAAAAAAAAAAAAAAAAAAAAAAAAAAAAAAAAAAAIAAAAAAAAAAABQAAACAAAAAAEAAAAAAAAAAQBAAEAQAAAEAAAAsAAAQDACAAAAAAgAAIACAR5kCgAARAAAAACAAgACAAAAAAQAAgAAAAAAAAIACAAAAAAABAAAAAAAAAAABAgAAAAAAAAAAAAQAAKAHAAAAAAAAAAQEAABDwAAEAAAAAAAA9AFA8AAMKSwAAAAAAAAAAAAAAAAESBDMhQQEBCAAAAAAAAAAAAAAAAAAgEgTFzY/d=0/dg=0/br=1/rs=ACT90oEdIdB2poy4EIxkeh-6AXct2AlXXg/m=aLUfP?xjs=s4,0257b3320313aa1ec9556aa5c0f61cfc5c3eab061904603624418971a7685acf,[get] https://www.google.com/,0
https://www.google.com/,"/xjs/_/js/k=xjs.hd.ko.rZOAtMTM-Po.es5.O/am=AAAAAAAAAAAAAAAAAAAAAAAAAAAAAAAAAAAAAIAAAAAAAAAAABQAAACAAAAAAEAAAAAAAAAAQBAAEAQAAAEAAAAsAAAQDACAAAAAAgAAIACAR5kCgAARAAAAACAAgACAAAAAAQAAgAAAAAAAAIACAAAAAAABAAAAAAAAAAABAgAAAAAAAAAAAAQAAKAHAAAAAAAAAAQEAABDwAAEAAAAAAAA9AFA8AAMKSwAAAAAAAAAAAAAAAAESBDMhQQEBCAAAAAAAAAAAAAAAAAAgEgTFzY/d=0/dg=0/br=1/rs=ACT90oEdIdB2poy4EIxkeh-6AXct2AlXXg/m=lOO0Vd,sy8k,P6sQOc?xjs=s4",ec11261749dffdb9487ecc291d4004210284d2c7ab665613c22b2e544802dbad,[get] https://www.google.com/,0
https://www.google.com/,url_0.js,181217aeed0277001fddd9c378229a7702bd14ba5164e593293ffa03f009478b,[get] https://www.google.com/,0
https://www.google.com/,url_1.js,9477be044a1a52a2c7ad6d9b0ac14510c1fdb1198275cdef19b4c89340cc3bd2,[get] https://www.google.com/,0
https://www.google.com/,url_2.js,fd65f5eb1e41e9e0565e955adc9770bcfad8ecf05e3ebd4cf630868789053fdd,[get] https://www.google.com/,0
https://www.google.com/,url_3.js,e37a82c50eca8ea8da5c8303aecfd8e1e5ffa6f67b66d701eb31c19278bb0d4f,[get] https://www.google.com/,0
https://www.google.com/,url_4.js,4f31ef861717fbd01bacbdff8d86874c3b4c00cd9982a3ddb8c7d9375477f314,[get] https://www.google.com/,0
https://www.google.com/,url_5.js,115f2ae2bf62c6742bef829b603114990b2a938c690c20a6d4927ed36fa0994a,[get] https://www.google.com/,0
https://www.google.com/,url_6.js,395a9dbf8ee9f0304366938746009f1243f15d1747ece342f125c877bcd427fa,[get] https://www.google.com/,0
https://www.google.com/,url_7.js,d65710dac7241a7e48388b91a5fb86634734148e839267be2c866f5285540f61,[get] https://www.google.com/,0
https://www.google.com/,url_8.js,fe8b46cea9b34b82a0cf14f01a4470bb0e2628cb20e556440fee253cb57b024f,[get] https://www.google.com/,0
https://www.google.com/,url_9.js,eeda422b7bc3cd1416af318e170444e46fbd5c5589908643ed232d4fe7beb04e,[get] https://www.google.com/,0
https://www.google.com/,url_10.js,5dcb1193079da2e01cea2e95e7661ea12a5f7eb2776aa03458737b5882c8d48d,[get] https://www.google.com/,0
https://www.google.com/,url_11.js,7ae541e1a82c5f172afb2d87fbf5100c288b52c96ebc2dccd88e758e7aaa8a68,[get] https://www.google.com/,0
